﻿<?xml version="1.0" encoding="utf-8"?>
<plasterManifest
  schemaVersion="1.1"
  templateType="Project" xmlns="http://www.microsoft.com/schemas/PowerShell/Plaster/v1">
  <metadata>
    <name>AzureAutomation</name>
    <id>78696d6f-8aa8-4a55-ba76-db2de2f81e1d</id>
    <version>1.0.0</version>
    <title>Used for creating powershell modules for azure automation accont consumption</title>
    <description></description>
    <author></author>
    <tags>Azure Automation, Powershell Module</tags>
  </metadata>
  <parameters>
    <parameter name='ModuleName' type='text' prompt='Enter the name of the module' />
    <parameter name='Version' type='text' prompt='Enter a version number in the format of #.#.#' default='0.0.1' />
    <parameter name='Description' type='text' prompt='Brief summarization of the module intended use.' />
    <parameter name='Author' type='text' prompt='The team responsible for the maintenance of the module.' />
    <parameter name='Tags' type='text' prompt='comma separated metadata relevant to the module. used to make it more searchable in an artifact manager.' />
    <parameter name='PackageFeedName' type='text' prompt='the name of the artifact feed to publish the module to.' />
    <parameter name='ProjectURL' type='text' prompt='the git project url of the repository.' default='https://DevOps-Repo@dev.azure.com/DevOps-Repo/Patterson%20Cloud%20Landing%20Zone/_git/Azure.Governance' />
    <parameter name='Editor' type='choice' prompt='Select the editor of your choice.'>
      <choice label='&amp;None'
              help='No editor'
              value="none" />
      <choice label='&amp;VSCode'
              help='Visual Studio Code'
              value="VSCode" />
    </parameter>
    
  </parameters> 
    <content>
        <message>&#10;&#10;Scaffolding your PowerShell Module...&#10;&#10;&#10;</message>

        <newModuleManifest destination='src\${PLASTER_PARAM_ModuleName}.psd1'
                           moduleVersion='$PLASTER_PARAM_Version'
                           description='$PLASTER_PARAM_Description'
                           author='$PLASTER_PARAM_Author'
                           companyName='Patterson Company Inc.'
                           rootModule='${PLASTER_PARAM_ModuleName}'
                           encoding='UTF8-NoBOM'
                           openInEditor="true"/>

        <file condition="$PLASTER_PARAM_Editor -eq 'VSCode'"
              source='..\editor\VSCode\settings.json'
              destination='.vscode\settings.json' />

        <file condition="$PLASTER_PARAM_Editor -eq 'VSCode'"
              source='..\editor\VSCode\tasks.json'
              destination='.vscode\tasks.json' />

        <file source='..\src\Module.psm1'
              destination='src\${PLASTER_PARAM_ModuleName}.psm1'
              openInEditor="true"/>

        <file source='..\src\runbooks\Test-WebhookRunbook.ps1'
              destination='src\runbooks\Test-WebhookRunbook.ps1' />

        <templateFile source='..\pipeline\pipeline.yaml'
                      destination='pipeline\pipeline.yaml' />

        <templateFile source='..\Scripts\Run-Tests.ps1'
                      
                      destination='Run-Tests.ps1' />

        <templateFile source='..\Scripts\Publish-PSModule.ps1'
                      destination='Publish-PSModule.ps1' />

        <templateFile source='..\src\Module.nuspec'
                      destination='src\${PLASTER_PARAM_ModuleName}.nuspec' />

        <templateFile source='..\src\public\Test-PublicFunction.ps1'
                      destination='src\public\Test-PublicFunction.ps1' />

        <templateFile source='..\src\private\Test-PrivateFunction.ps1'
                      destination='src\private\Test-PrivateFunction.ps1' />

        <templateFile source='..\tests\Module.Build.Tests.ps1'
                      destination='tests\${PLASTER_PARAM_ModuleName}.Build.Tests.ps1' />

        <templateFile source='..\tests\Module.Release.Tests.ps1'
                      destination='tests\${PLASTER_PARAM_ModuleName}.Release.Tests.ps1' />

        <templateFile source='..\tests\PSSA.Build.Tests.ps1'
                      destination='tests\PSSA.Build.Tests.ps1' />

        <templateFile source='..\Scripts\CustomPSSARules.ps1'
                      destination='Scripts\CustomPSSARules.ps1' />
        <templateFile source='..\Scripts\Invoke-Tests.ps1'
                      destination='Scripts\Invoke-Tests.ps1' />
        <templateFile source='..\Scripts\New-PowerShellModuleVersion.ps1'
                      destination='Scripts\New-PowerShellModuleVersion.ps1' />
        <templateFile source='..\Scripts\Publish-PSModule.ps1'
                      destination='Scripts\Publish-PSModule.ps1' />
        <templateFile source='..\Scripts\Run-Tests.ps1'
                      destination='Scripts\Run-Tests.ps1' />
    <requireModule name="Pester" minimumVersion="5.3.1" message="Pester is required, it is the preferred testing framework for powershell." />
    <requireModule name="PSScriptAnalyzer" minimumVersion="1.21.0" message="PsScriptAnalyzer is used to enforce formatting and best practices." />
    <requireModule name="PsDeploy" minimumVersion="1.0.5" message="PSDeploy is a tool for deploying powershell modules to sources" />
    <requireModule name="PlatyPS" minimumVersion="0.14.2" message="PlatyPs is a tool to Generate External Help friles from MarkDown" />

        <message>

Your new PowerShell module project '$PLASTER_PARAM_ModuleName' has been created.
Don't forget to remove 'Test-PrivateFunction.ps1' and 'Test-PublicFunction.ps1' prior to publishing your module.

        </message>

        <message>

A Pester test has been created to validate the module's manifest file.  Add additional tests to the tests directory.
You can run the Pester tests in your project by executing the 'test' task.  Press Ctrl+P, then type 'task test'.

        </message>
  </content>
</plasterManifest>