
{
    "version": "2.0.0",

    "tasks":[
        {
            "label":"test",
            "type":"process",
            "group":{
                "kind":"test",
                "isDefault":true
            },
            "command":"${env:windir}/System32/WindowsPowershell/v1.0/powershell.exe",
            "args":[
                "-NoProfile",
                "-ExecutionPolicy",
                "Bypass",
                "$ProgressPreference = 'SilentlyContinue'; Invoke-Pester -Script 'tests/*.Build.tests.ps1 -PesterOption @{ IncludeVScodeMaker = $true };"
            ],
            "problemMatcher": "$pester"
        }
    ]
}
